{"cameraMode":{"drawMode":0,"name":"Shaded","section":"Shading Mode"},"sceneLighting":false,"audioPlay":false,"sceneViewState":{"showFog":true,"showMaterialUpdate":true,"showSkybox":true,"showFlares":true,"showImageEffects":true,"showParticleSystems":true},"in2DMode":false,"pivot":{"x":1.1461769342422486,"y":-2.5698864459991457,"z":3.0103909969329836},"rotation":{"x":0.0024706486146897079,"y":0.8846988081932068,"z":-0.00469989376142621,"w":0.4662056863307953},"size":0.8343064188957214,"orthographic":false}