{"cameraMode":{"drawMode":0,"name":"Shaded","section":"Shading Mode"},"sceneLighting":false,"audioPlay":false,"sceneViewState":{"showFog":true,"showMaterialUpdate":true,"showSkybox":true,"showFlares":true,"showImageEffects":true,"showParticleSystems":true},"in2DMode":false,"pivot":{"x":-0.33222609758377077,"y":3.0179789066314699,"z":-4.0387701988220219},"rotation":{"x":-0.5198970437049866,"y":-0.023436741903424264,"z":0.014334429986774922,"w":-0.8542559146881104},"size":12.70500659942627,"orthographic":false}