{"cameraMode":{"drawMode":0,"name":"Shaded","section":"Shading Mode"},"sceneLighting":false,"audioPlay":false,"sceneViewState":{"showFog":true,"showMaterialUpdate":true,"showSkybox":true,"showFlares":true,"showImageEffects":true,"showParticleSystems":true},"in2DMode":false,"pivot":{"x":-1.354124665260315,"y":1.4461536407470704,"z":2.715759754180908},"rotation":{"x":0.6928977370262146,"y":0.00449695810675621,"z":-0.004944914951920509,"w":0.7214474678039551},"size":25.503131866455079,"orthographic":false}