{"cameraMode":{"drawMode":0,"name":"Shaded","section":"Shading Mode"},"sceneLighting":false,"audioPlay":false,"sceneViewState":{"showFog":true,"showMaterialUpdate":true,"showSkybox":true,"showFlares":true,"showImageEffects":true,"showParticleSystems":true},"in2DMode":false,"pivot":{"x":0.7937664985656738,"y":-7.1396989822387699,"z":-0.6456395387649536},"rotation":{"x":-0.5721064209938049,"y":-0.02673051692545414,"z":0.018984107300639154,"w":-0.8199397921562195},"size":26.16801643371582,"orthographic":false}