{"cameraMode":{"drawMode":0,"name":"Shaded","section":"Shading Mode"},"sceneLighting":false,"audioPlay":false,"sceneViewState":{"showFog":true,"showMaterialUpdate":true,"showSkybox":true,"showFlares":true,"showImageEffects":true,"showParticleSystems":true},"in2DMode":false,"pivot":{"x":-11.186775207519532,"y":-29.579402923583986,"z":4.53858757019043},"rotation":{"x":-0.4216398000717163,"y":0.5267936587333679,"z":-0.3380948007106781,"w":-0.6566563248634338},"size":46.494529724121097,"orthographic":false}