{"cameraMode":{"drawMode":0,"name":"Shaded","section":"Shading Mode"},"sceneLighting":false,"audioPlay":false,"sceneViewState":{"showFog":true,"showMaterialUpdate":true,"showSkybox":true,"showFlares":true,"showImageEffects":true,"showParticleSystems":true},"in2DMode":false,"pivot":{"x":-0.9284560680389404,"y":2.175015926361084,"z":1.4875918626785279},"rotation":{"x":-0.18268854916095735,"y":-0.03157156705856323,"z":0.005449126940220594,"w":-0.9831094741821289},"size":2.886979579925537,"orthographic":false}