{"cameraMode":{"drawMode":0,"name":"Shaded","section":"Shading Mode"},"sceneLighting":false,"audioPlay":false,"sceneViewState":{"showFog":true,"showMaterialUpdate":true,"showSkybox":true,"showFlares":true,"showImageEffects":true,"showParticleSystems":true},"in2DMode":false,"pivot":{"x":-1.4322094917297364,"y":2.6182174682617189,"z":-0.926835834980011},"rotation":{"x":-0.3502723276615143,"y":0.5810341835021973,"z":-0.30422836542129519,"w":-0.6693375706672669},"size":10.539020538330079,"orthographic":false}