{"cameraMode":{"drawMode":0,"name":"Shaded","section":"Shading Mode"},"sceneLighting":false,"audioPlay":false,"sceneViewState":{"showFog":true,"showMaterialUpdate":true,"showSkybox":true,"showFlares":true,"showImageEffects":true,"showParticleSystems":true},"in2DMode":false,"pivot":{"x":14.244253158569336,"y":-1.391552209854126,"z":-2.331476926803589},"rotation":{"x":0.26395732164382937,"y":0.6677235960960388,"z":-0.2766062915325165,"w":0.6391344666481018},"size":1.0578839778900147,"orthographic":false}