{"cameraMode":{"drawMode":0,"name":"Shaded","section":"Shading Mode"},"sceneLighting":false,"audioPlay":false,"sceneViewState":{"showFog":true,"showMaterialUpdate":true,"showSkybox":true,"showFlares":true,"showImageEffects":true,"showParticleSystems":true},"in2DMode":false,"pivot":{"x":-0.8664354681968689,"y":-18.847620010375978,"z":12.036354064941407},"rotation":{"x":0.5110890865325928,"y":0.0033315604086965324,"z":-0.0023362168576568367,"w":0.8599874377250671},"size":46.445762634277347,"orthographic":false}