{"cameraMode":{"drawMode":0,"name":"Shaded","section":"Shading Mode"},"sceneLighting":false,"audioPlay":false,"sceneViewState":{"showFog":true,"showMaterialUpdate":true,"showSkybox":true,"showFlares":true,"showImageEffects":true,"showParticleSystems":true},"in2DMode":false,"pivot":{"x":12.07323169708252,"y":2.5235097408294679,"z":2.3047034740448},"rotation":{"x":-0.17738661170005799,"y":0.7993178963661194,"z":-0.283371239900589,"w":-0.49970144033432009},"size":0.45907461643218996,"orthographic":false}