{"cameraMode":{"drawMode":0,"name":"Shaded","section":"Shading Mode"},"sceneLighting":false,"audioPlay":false,"sceneViewState":{"showFog":true,"showMaterialUpdate":true,"showSkybox":true,"showFlares":true,"showImageEffects":true,"showParticleSystems":true},"in2DMode":false,"pivot":{"x":13.743629455566407,"y":0.7341509461402893,"z":7.814770698547363},"rotation":{"x":0.5071659684181213,"y":0.012521733529865742,"z":-0.007433003280311823,"w":0.8621957898139954},"size":46.445762634277347,"orthographic":false}