{"cameraMode":{"drawMode":0,"name":"Shaded","section":"Shading Mode"},"sceneLighting":true,"audioPlay":false,"sceneViewState":{"showFog":true,"showMaterialUpdate":true,"showSkybox":true,"showFlares":true,"showImageEffects":true,"showParticleSystems":true},"in2DMode":false,"pivot":{"x":0.5712750554084778,"y":4.899798393249512,"z":-2.8290209770202638},"rotation":{"x":0.5006592273712158,"y":-0.004976590164005756,"z":0.0023982287384569647,"w":0.8659243583679199},"size":14.566996574401856,"orthographic":false}