{"cameraMode":{"drawMode":0,"name":"Shaded","section":"Shading Mode"},"sceneLighting":true,"audioPlay":false,"sceneViewState":{"showFog":true,"showMaterialUpdate":true,"showSkybox":true,"showFlares":true,"showImageEffects":true,"showParticleSystems":true},"in2DMode":false,"pivot":{"x":3.6496143341064455,"y":0.8823966979980469,"z":1.7114038467407227},"rotation":{"x":-0.23086369037628175,"y":0.7668866515159607,"z":-0.3858925700187683,"w":-0.4583161771297455},"size":56.88399887084961,"orthographic":false}