{"cameraMode":{"drawMode":0,"name":"Shaded","section":"Shading Mode"},"sceneLighting":false,"audioPlay":false,"sceneViewState":{"showFog":true,"showMaterialUpdate":true,"showSkybox":true,"showFlares":true,"showImageEffects":true,"showParticleSystems":true},"in2DMode":false,"pivot":{"x":0.017653506249189378,"y":-22.824039459228517,"z":-0.0411560982465744},"rotation":{"x":0.688995897769928,"y":-0.0004798538575414568,"z":0.00014030432794243097,"w":0.725322425365448},"size":46.445762634277347,"orthographic":false}