{"cameraMode":{"drawMode":0,"name":"Shaded","section":"Shading Mode"},"sceneLighting":false,"audioPlay":false,"sceneViewState":{"showFog":true,"showMaterialUpdate":true,"showSkybox":true,"showFlares":true,"showImageEffects":true,"showParticleSystems":true},"in2DMode":false,"pivot":{"x":2.809999942779541,"y":4.899798393249512,"z":-2.8290209770202638},"rotation":{"x":0.0024706486146897079,"y":0.8846988081932068,"z":-0.00469989376142621,"w":0.4662056863307953},"size":0.7578839659690857,"orthographic":false}