{"cameraMode":{"drawMode":0,"name":"Shaded","section":"Shading Mode"},"sceneLighting":false,"audioPlay":false,"sceneViewState":{"showFog":true,"showMaterialUpdate":true,"showSkybox":true,"showFlares":true,"showImageEffects":true,"showParticleSystems":true},"in2DMode":false,"pivot":{"x":-1.5796345472335816,"y":0.9491424560546875,"z":2.0629866123199465},"rotation":{"x":0.7068504691123962,"y":0.0012004498858004809,"z":-0.0018652296857908369,"w":0.7078125476837158},"size":17.698694229125978,"orthographic":false}