{"cameraMode":{"drawMode":0,"name":"Shaded","section":"Shading Mode"},"sceneLighting":false,"audioPlay":false,"sceneViewState":{"showFog":true,"showMaterialUpdate":true,"showSkybox":true,"showFlares":true,"showImageEffects":true,"showParticleSystems":true},"in2DMode":false,"pivot":{"x":13.18361759185791,"y":0.835763156414032,"z":9.188565254211426},"rotation":{"x":0.6257098913192749,"y":-0.0005161432200111449,"z":0.00006634205783484504,"w":0.7805724740028381},"size":46.445762634277347,"orthographic":false}