{"cameraMode":{"drawMode":0,"name":"Shaded","section":"Shading Mode"},"sceneLighting":true,"audioPlay":false,"sceneViewState":{"showFog":true,"showMaterialUpdate":true,"showSkybox":true,"showFlares":true,"showImageEffects":true,"showParticleSystems":true},"in2DMode":false,"pivot":{"x":0.13868479430675507,"y":1.7342562675476075,"z":-2.412163734436035},"rotation":{"x":0.6121761798858643,"y":0.013490652665495873,"z":-0.01116288173943758,"w":0.7908877730369568},"size":21.955810546875,"orthographic":false}