{"cameraMode":{"drawMode":0,"name":"Shaded","section":"Shading Mode"},"sceneLighting":true,"audioPlay":false,"sceneViewState":{"showFog":true,"showMaterialUpdate":true,"showSkybox":true,"showFlares":true,"showImageEffects":true,"showParticleSystems":true},"in2DMode":false,"pivot":{"x":-5.617396831512451,"y":-1.673205852508545,"z":-1.142836570739746},"rotation":{"x":0.42108282446861269,"y":-0.3273068070411682,"z":0.16665484011173249,"w":0.8299340009689331},"size":22.0,"orthographic":false}