{"cameraMode":{"drawMode":0,"name":"Shaded","section":"Shading Mode"},"sceneLighting":true,"audioPlay":false,"sceneViewState":{"showFog":true,"showMaterialUpdate":true,"showSkybox":true,"showFlares":true,"showImageEffects":true,"showParticleSystems":true},"in2DMode":false,"pivot":{"x":-2.214962959289551,"y":2.226114273071289,"z":1.2508975267410279},"rotation":{"x":-0.2714376449584961,"y":-0.5335114598274231,"z":0.1860658973455429,"w":-0.7792481780052185},"size":5.650562763214111,"orthographic":false}