{"cameraMode":{"drawMode":0,"name":"Shaded","section":"Shading Mode"},"sceneLighting":false,"audioPlay":false,"sceneViewState":{"showFog":true,"showMaterialUpdate":true,"showSkybox":true,"showFlares":true,"showImageEffects":true,"showParticleSystems":true},"in2DMode":false,"pivot":{"x":-5.159485816955566,"y":1.7303063869476319,"z":1.9768320322036744},"rotation":{"x":-0.0074711390770971779,"y":-0.7279025316238403,"z":-0.008333953097462654,"w":0.6857534646987915},"size":1.9578936100006104,"orthographic":false}