{"cameraMode":{"drawMode":0,"name":"Shaded","section":"Shading Mode"},"sceneLighting":false,"audioPlay":false,"sceneViewState":{"showFog":true,"showMaterialUpdate":true,"showSkybox":true,"showFlares":true,"showImageEffects":true,"showParticleSystems":true},"in2DMode":false,"pivot":{"x":11.949522972106934,"y":2.4871551990509035,"z":1.6143555641174317},"rotation":{"x":0.17672103643417359,"y":-0.6769732236862183,"z":0.17223364114761353,"w":0.6935887932777405},"size":0.07577061653137207,"orthographic":false}