{"cameraMode":{"drawMode":0,"name":"Shaded","section":"Shading Mode"},"sceneLighting":false,"audioPlay":false,"sceneViewState":{"showFog":true,"showMaterialUpdate":true,"showSkybox":true,"showFlares":true,"showImageEffects":true,"showParticleSystems":true},"in2DMode":false,"pivot":{"x":-1.8202096223831177,"y":-6.946403980255127,"z":8.970646858215332},"rotation":{"x":-0.3539746403694153,"y":0.0499672070145607,"z":-0.019206620752811433,"w":-0.9341628551483154},"size":29.33833885192871,"orthographic":false}