{"cameraMode":{"drawMode":0,"name":"Shaded","section":"Shading Mode"},"sceneLighting":false,"audioPlay":false,"sceneViewState":{"showFog":true,"showMaterialUpdate":true,"showSkybox":true,"showFlares":true,"showImageEffects":true,"showParticleSystems":true},"in2DMode":false,"pivot":{"x":-1.3789154291152955,"y":1.3533763885498047,"z":2.137544870376587},"rotation":{"x":0.7256980538368225,"y":-0.002967569511383772,"z":0.002470439299941063,"w":0.6884658932685852},"size":19.346296310424806,"orthographic":false}