{"cameraMode":{"drawMode":0,"name":"Shaded","section":"Shading Mode"},"sceneLighting":false,"audioPlay":false,"sceneViewState":{"showFog":true,"showMaterialUpdate":true,"showSkybox":true,"showFlares":true,"showImageEffects":true,"showParticleSystems":true},"in2DMode":false,"pivot":{"x":-4.7610554695129398,"y":1.1327645778656006,"z":1.9470810890197755},"rotation":{"x":0.1822775900363922,"y":-0.5994492769241333,"z":0.1422681361436844,"w":0.7664252519607544},"size":1.9578936100006104,"orthographic":false}