{"cameraMode":{"drawMode":0,"name":"Shaded","section":"Shading Mode"},"sceneLighting":true,"audioPlay":false,"sceneViewState":{"showFog":true,"showMaterialUpdate":true,"showSkybox":true,"showFlares":true,"showImageEffects":true,"showParticleSystems":true},"in2DMode":false,"pivot":{"x":0.43344712257385256,"y":6.251264572143555,"z":-5.094801425933838},"rotation":{"x":0.4228234589099884,"y":0.03388255462050438,"z":-0.01623200811445713,"w":0.905651867389679},"size":12.883831024169922,"orthographic":false}