{"cameraMode":{"drawMode":0,"name":"Shaded","section":"Shading Mode"},"sceneLighting":false,"audioPlay":false,"sceneViewState":{"showFog":true,"showMaterialUpdate":true,"showSkybox":true,"showFlares":true,"showImageEffects":true,"showParticleSystems":true},"in2DMode":false,"pivot":{"x":13.100615501403809,"y":24.185516357421876,"z":-6.8481245040893559},"rotation":{"x":0.5874730944633484,"y":0.011716634035110474,"z":-0.008647159673273564,"w":0.809611976146698},"size":20.277143478393556,"orthographic":false}