{"cameraMode":{"drawMode":0,"name":"Shaded","section":"Shading Mode"},"sceneLighting":false,"audioPlay":false,"sceneViewState":{"showFog":true,"showMaterialUpdate":true,"showSkybox":true,"showFlares":true,"showImageEffects":true,"showParticleSystems":true},"in2DMode":false,"pivot":{"x":58.60237121582031,"y":-31.118791580200197,"z":3.6475954055786135},"rotation":{"x":0.5761739015579224,"y":-0.16567759215831757,"z":0.12088645994663239,"w":0.7916167974472046},"size":51.18574905395508,"orthographic":false}