{"cameraMode":{"drawMode":0,"name":"Shaded","section":"Shading Mode"},"sceneLighting":false,"audioPlay":false,"sceneViewState":{"showFog":true,"showMaterialUpdate":true,"showSkybox":true,"showFlares":true,"showImageEffects":true,"showParticleSystems":true},"in2DMode":false,"pivot":{"x":2.010215997695923,"y":-2.606449842453003,"z":3.119466781616211},"rotation":{"x":0.026657897979021074,"y":0.8365941643714905,"z":-0.040865495800971988,"w":0.5457059741020203},"size":0.5343063473701477,"orthographic":false}