{"cameraMode":{"drawMode":0,"name":"Shaded","section":"Shading Mode"},"sceneLighting":true,"audioPlay":false,"sceneViewState":{"showFog":true,"showMaterialUpdate":true,"showSkybox":true,"showFlares":true,"showImageEffects":true,"showParticleSystems":true},"in2DMode":false,"pivot":{"x":3.515180826187134,"y":5.736152172088623,"z":0.04989156499505043},"rotation":{"x":0.5280354619026184,"y":0.018506517633795739,"z":-0.012014058418571949,"w":0.8491932153701782},"size":14.138916015625,"orthographic":false}