{"cameraMode":{"drawMode":0,"name":"Shaded","section":"Shading Mode"},"sceneLighting":false,"audioPlay":false,"sceneViewState":{"showFog":true,"showMaterialUpdate":true,"showSkybox":true,"showFlares":true,"showImageEffects":true,"showParticleSystems":true},"in2DMode":false,"pivot":{"x":12.150408744812012,"y":-4.108334064483643,"z":-2.0209500789642336},"rotation":{"x":0.6186246275901794,"y":-0.008718559518456459,"z":0.006619500461965799,"w":0.7861247062683106},"size":46.445762634277347,"orthographic":false}