{"cameraMode":{"drawMode":0,"name":"Shaded","section":"Shading Mode"},"sceneLighting":false,"audioPlay":false,"sceneViewState":{"showFog":true,"showMaterialUpdate":true,"showSkybox":true,"showFlares":true,"showImageEffects":true,"showParticleSystems":true},"in2DMode":false,"pivot":{"x":0.12999999523162843,"y":-2.236999988555908,"z":6.420000076293945},"rotation":{"x":0.7360999584197998,"y":-0.003642361145466566,"z":0.0034220265224575998,"w":0.6776471138000488},"size":22.0,"orthographic":false}