{"cameraMode":{"drawMode":0,"name":"Shaded","section":"Shading Mode"},"sceneLighting":false,"audioPlay":false,"sceneViewState":{"showFog":true,"showMaterialUpdate":true,"showSkybox":true,"showFlares":true,"showImageEffects":true,"showParticleSystems":true},"in2DMode":false,"pivot":{"x":-188.99118041992188,"y":-467.0112609863281,"z":-1177.4259033203125},"rotation":{"x":0.09756866097450257,"y":-0.024277420714497567,"z":0.0031872233375906946,"w":0.995477557182312},"size":22.0,"orthographic":false}