{"cameraMode":{"drawMode":0,"name":"Shaded","section":"Shading Mode"},"sceneLighting":true,"audioPlay":false,"sceneViewState":{"showFog":true,"showMaterialUpdate":true,"showSkybox":true,"showFlares":true,"showImageEffects":true,"showParticleSystems":true},"in2DMode":false,"pivot":{"x":364.8618469238281,"y":940.57861328125,"z":2869.346435546875},"rotation":{"x":-0.10612758994102478,"y":0.006868230644613504,"z":0.001989310374483466,"w":0.9948797225952148},"size":3467.625,"orthographic":false}