{"cameraMode":{"drawMode":0,"name":"Shaded","section":"Shading Mode"},"sceneLighting":false,"audioPlay":false,"sceneViewState":{"showFog":true,"showMaterialUpdate":true,"showSkybox":true,"showFlares":true,"showImageEffects":true,"showParticleSystems":true},"in2DMode":false,"pivot":{"x":-1.8595211505889893,"y":3.1886825561523439,"z":0.368630051612854},"rotation":{"x":-0.4341469705104828,"y":0.4703918993473053,"z":-0.2864120602607727,"w":-0.7134956121444702},"size":10.539021492004395,"orthographic":false}