{"cameraMode":{"drawMode":0,"name":"Shaded","section":"Shading Mode"},"sceneLighting":false,"audioPlay":false,"sceneViewState":{"showFog":true,"showMaterialUpdate":true,"showSkybox":true,"showFlares":true,"showImageEffects":true,"showParticleSystems":true},"in2DMode":false,"pivot":{"x":3.9000000953674318,"y":-2.675480842590332,"z":-2.130000114440918},"rotation":{"x":0.416283518075943,"y":0.0867619514465332,"z":-0.03924328461289406,"w":0.9046286344528198},"size":2.857893466949463,"orthographic":false}