{"cameraMode":{"drawMode":0,"name":"Shaded","section":"Shading Mode"},"sceneLighting":false,"audioPlay":false,"sceneViewState":{"showFog":true,"showMaterialUpdate":true,"showSkybox":true,"showFlares":true,"showImageEffects":true,"showParticleSystems":true},"in2DMode":false,"pivot":{"x":-2.3916478157043459,"y":-0.856101930141449,"z":-4.065349102020264},"rotation":{"x":-0.6523845195770264,"y":-0.03138389438390732,"z":0.02798844315111637,"w":-0.7571811079978943},"size":17.852920532226564,"orthographic":false}