{"cameraMode":{"drawMode":0,"name":"Shaded","section":"Shading Mode"},"sceneLighting":false,"audioPlay":false,"sceneViewState":{"showFog":true,"showMaterialUpdate":true,"showSkybox":true,"showFlares":true,"showImageEffects":true,"showParticleSystems":true},"in2DMode":false,"pivot":{"x":8.559574127197266,"y":5.452862739562988,"z":5.901494979858398},"rotation":{"x":-0.09978155791759491,"y":-0.896554708480835,"z":0.34501585364341738,"w":-0.25972801446914675},"size":0.07577061653137207,"orthographic":false}