{"cameraMode":{"drawMode":0,"name":"Shaded","section":"Shading Mode"},"sceneLighting":false,"audioPlay":false,"sceneViewState":{"showFog":true,"showMaterialUpdate":true,"showSkybox":true,"showFlares":true,"showImageEffects":true,"showParticleSystems":true},"in2DMode":false,"pivot":{"x":1.2209196090698243,"y":-2.6423466205596926,"z":3.154230833053589},"rotation":{"x":0.02683389186859131,"y":0.8341311812400818,"z":-0.040750302374362949,"w":0.5494660139083862},"size":0.8343064188957214,"orthographic":false}