{"cameraMode":{"drawMode":0,"name":"Shaded","section":"Shading Mode"},"sceneLighting":false,"audioPlay":false,"sceneViewState":{"showFog":true,"showMaterialUpdate":true,"showSkybox":true,"showFlares":true,"showImageEffects":true,"showParticleSystems":true},"in2DMode":false,"pivot":{"x":5.012436389923096,"y":5.668184757232666,"z":-11.240999221801758},"rotation":{"x":0.10505256056785584,"y":0.03846625238656998,"z":-0.002812300343066454,"w":0.994271457195282},"size":22.0,"orthographic":false}