{"cameraMode":{"drawMode":0,"name":"Shaded","section":"Shading Mode"},"sceneLighting":false,"audioPlay":false,"sceneViewState":{"showFog":true,"showMaterialUpdate":true,"showSkybox":true,"showFlares":true,"showImageEffects":true,"showParticleSystems":true},"in2DMode":false,"pivot":{"x":-1.1706417798995972,"y":-3.8084230422973635,"z":-3.9709625244140627},"rotation":{"x":-0.566223680973053,"y":-0.00713505269959569,"z":0.005643958225846291,"w":-0.8246133327484131},"size":18.69415855407715,"orthographic":false}