{"cameraMode":{"drawMode":0,"name":"Shaded","section":"Shading Mode"},"sceneLighting":false,"audioPlay":false,"sceneViewState":{"showFog":true,"showMaterialUpdate":true,"showSkybox":true,"showFlares":true,"showImageEffects":true,"showParticleSystems":true},"in2DMode":false,"pivot":{"x":1.8698478937149048,"y":-1.1781538724899293,"z":-0.6693992018699646},"rotation":{"x":0.14811980724334718,"y":0.7902769446372986,"z":-0.20871959626674653,"w":0.5573807954788208},"size":2.8047688007354738,"orthographic":false}