{"cameraMode":{"drawMode":0,"name":"Shaded","section":"Shading Mode"},"sceneLighting":false,"audioPlay":false,"sceneViewState":{"showFog":true,"showMaterialUpdate":true,"showSkybox":true,"showFlares":true,"showImageEffects":true,"showParticleSystems":true},"in2DMode":false,"pivot":{"x":10.819999694824219,"y":1.8380000591278077,"z":1.8680001497268677},"rotation":{"x":-0.17738661170005799,"y":0.7993178963661194,"z":-0.283371239900589,"w":-0.49970144033432009},"size":2.859074354171753,"orthographic":false}