{"cameraMode":{"drawMode":0,"name":"Shaded","section":"Shading Mode"},"sceneLighting":false,"audioPlay":false,"sceneViewState":{"showFog":true,"showMaterialUpdate":true,"showSkybox":true,"showFlares":true,"showImageEffects":true,"showParticleSystems":true},"in2DMode":false,"pivot":{"x":14.203103065490723,"y":2.782860517501831,"z":-2.464444160461426},"rotation":{"x":0.2753385007381439,"y":0.6402992606163025,"z":-0.2652796506881714,"w":0.666607141494751},"size":0.7578839659690857,"orthographic":false}