{"cameraMode":{"drawMode":0,"name":"Shaded","section":"Shading Mode"},"sceneLighting":false,"audioPlay":false,"sceneViewState":{"showFog":true,"showMaterialUpdate":true,"showSkybox":true,"showFlares":true,"showImageEffects":true,"showParticleSystems":true},"in2DMode":false,"pivot":{"x":3.380849599838257,"y":-0.10634065419435501,"z":9.291382789611817},"rotation":{"x":-0.28005656599998476,"y":-0.05433626472949982,"z":0.01584033854305744,"w":-0.9586700201034546},"size":46.90675354003906,"orthographic":false}