{"cameraMode":{"drawMode":0,"name":"Shaded","section":"Shading Mode"},"sceneLighting":true,"audioPlay":false,"sceneViewState":{"showFog":true,"showMaterialUpdate":true,"showSkybox":true,"showFlares":true,"showImageEffects":true,"showParticleSystems":true},"in2DMode":false,"pivot":{"x":287.15264892578127,"y":340.1028137207031,"z":552.1161499023438},"rotation":{"x":-0.018228204920887948,"y":0.001097688334994018,"z":-0.00012828587205149233,"w":-1.0003585815429688},"size":1065.746337890625,"orthographic":false}