{"cameraMode":{"drawMode":0,"name":"Shaded","section":"Shading Mode"},"sceneLighting":false,"audioPlay":false,"sceneViewState":{"showFog":true,"showMaterialUpdate":true,"showSkybox":true,"showFlares":true,"showImageEffects":true,"showParticleSystems":true},"in2DMode":false,"pivot":{"x":1.364079475402832,"y":-20.348316192626954,"z":5.152989864349365},"rotation":{"x":-0.4101804494857788,"y":-0.5055755972862244,"z":0.2961338460445404,"w":-0.6994171142578125},"size":30.179269790649415,"orthographic":false}