{"cameraMode":{"drawMode":0,"name":"Shaded","section":"Shading Mode"},"sceneLighting":false,"audioPlay":false,"sceneViewState":{"showFog":true,"showMaterialUpdate":true,"showSkybox":true,"showFlares":true,"showImageEffects":true,"showParticleSystems":true},"in2DMode":false,"pivot":{"x":1.704800009727478,"y":-2.5049245357513429,"z":3.239799976348877},"rotation":{"x":0.5006592273712158,"y":-0.004976590164005756,"z":0.0023982287384569647,"w":0.8659243583679199},"size":0.6269961595535278,"orthographic":false}