{"cameraMode":{"drawMode":0,"name":"Shaded","section":"Shading Mode"},"sceneLighting":false,"audioPlay":false,"sceneViewState":{"showFog":true,"showMaterialUpdate":true,"showSkybox":true,"showFlares":true,"showImageEffects":true,"showParticleSystems":true},"in2DMode":false,"pivot":{"x":1.3158457279205323,"y":-13.479666709899903,"z":3.5692355632781984},"rotation":{"x":-0.5435790419578552,"y":-0.025291766971349717,"z":0.015802470967173578,"w":-0.8392840027809143},"size":33.45767593383789,"orthographic":false}