{"cameraMode":{"drawMode":0,"name":"Shaded","section":"Shading Mode"},"sceneLighting":false,"audioPlay":false,"sceneViewState":{"showFog":true,"showMaterialUpdate":true,"showSkybox":true,"showFlares":true,"showImageEffects":true,"showParticleSystems":true},"in2DMode":false,"pivot":{"x":0.7913583517074585,"y":-7.498409271240234,"z":5.33295202255249},"rotation":{"x":-0.476282000541687,"y":-0.0366085059940815,"z":0.020134635269641877,"w":-0.8786904215812683},"size":26.16801643371582,"orthographic":false}