{"cameraMode":{"drawMode":0,"name":"Shaded","section":"Shading Mode"},"sceneLighting":true,"audioPlay":false,"sceneViewState":{"showFog":true,"showMaterialUpdate":true,"showSkybox":true,"showFlares":true,"showImageEffects":true,"showParticleSystems":true},"in2DMode":false,"pivot":{"x":7.830584526062012,"y":-661.18359375,"z":-13.218244552612305},"rotation":{"x":-0.7088031768798828,"y":0.0035956508945673706,"z":-0.0036135504487901928,"w":-0.7053914666175842},"size":690.685546875,"orthographic":false}