{"cameraMode":{"drawMode":0,"name":"Shaded","section":"Shading Mode"},"sceneLighting":false,"audioPlay":false,"sceneViewState":{"showFog":true,"showMaterialUpdate":true,"showSkybox":true,"showFlares":true,"showImageEffects":true,"showParticleSystems":true},"in2DMode":false,"pivot":{"x":0.6169318556785584,"y":6.027642726898193,"z":-5.318963050842285},"rotation":{"x":-0.5183557271957398,"y":0.0014957309467718006,"z":-0.0002691076952032745,"w":-0.8555672764778137},"size":11.408370971679688,"orthographic":false}