{"cameraMode":{"drawMode":0,"name":"Shaded","section":"Shading Mode"},"sceneLighting":false,"audioPlay":false,"sceneViewState":{"showFog":true,"showMaterialUpdate":true,"showSkybox":true,"showFlares":true,"showImageEffects":true,"showParticleSystems":true},"in2DMode":false,"pivot":{"x":-7.240135192871094,"y":-23.26587677001953,"z":-59.85087203979492},"rotation":{"x":0.021539291366934778,"y":-0.9770237803459168,"z":0.1824750453233719,"w":0.11145933717489243},"size":61.87814712524414,"orthographic":false}