{"cameraMode":{"drawMode":0,"name":"Shaded","section":"Shading Mode"},"sceneLighting":false,"audioPlay":false,"sceneViewState":{"showFog":true,"showMaterialUpdate":true,"showSkybox":true,"showFlares":true,"showImageEffects":true,"showParticleSystems":true},"in2DMode":false,"pivot":{"x":2.0799999237060549,"y":-2.180000066757202,"z":-1.7400000095367432},"rotation":{"x":-0.4291171133518219,"y":0.05565503239631653,"z":-0.0259397029876709,"w":-0.9015421867370606},"size":2.857893466949463,"orthographic":false}