{"cameraMode":{"drawMode":0,"name":"Shaded","section":"Shading Mode"},"sceneLighting":false,"audioPlay":false,"sceneViewState":{"showFog":true,"showMaterialUpdate":true,"showSkybox":true,"showFlares":true,"showImageEffects":true,"showParticleSystems":true},"in2DMode":false,"pivot":{"x":-4.211603164672852,"y":-8.718066215515137,"z":3.272794723510742},"rotation":{"x":-0.3594702184200287,"y":0.3057737946510315,"z":-0.1262938529253006,"w":-0.873020589351654},"size":29.33833885192871,"orthographic":false}