{"cameraMode":{"drawMode":0,"name":"Shaded","section":"Shading Mode"},"sceneLighting":false,"audioPlay":false,"sceneViewState":{"showFog":true,"showMaterialUpdate":true,"showSkybox":true,"showFlares":true,"showImageEffects":true,"showParticleSystems":true},"in2DMode":false,"pivot":{"x":2.0880000591278078,"y":-2.2019999027252199,"z":3.364000082015991},"rotation":{"x":-0.004406530410051346,"y":0.9727566838264465,"z":-0.23116298019886018,"w":-0.018495183438062669},"size":0.2947676181793213,"orthographic":false}