{"cameraMode":{"drawMode":0,"name":"Shaded","section":"Shading Mode"},"sceneLighting":false,"audioPlay":false,"sceneViewState":{"showFog":true,"showMaterialUpdate":true,"showSkybox":true,"showFlares":true,"showImageEffects":true,"showParticleSystems":true},"in2DMode":false,"pivot":{"x":7.989999771118164,"y":1.8380000591278077,"z":-6.130000114440918},"rotation":{"x":-0.3044453263282776,"y":0.6277096271514893,"z":-0.29188042879104617,"w":-0.6545395255088806},"size":2.859074115753174,"orthographic":false}