{"cameraMode":{"drawMode":0,"name":"Shaded","section":"Shading Mode"},"sceneLighting":false,"audioPlay":false,"sceneViewState":{"showFog":true,"showMaterialUpdate":true,"showSkybox":true,"showFlares":true,"showImageEffects":true,"showParticleSystems":true},"in2DMode":false,"pivot":{"x":-1.207789421081543,"y":11.995549201965332,"z":-4.594128608703613},"rotation":{"x":0.667905867099762,"y":0.014282654039561749,"z":-0.012307805009186268,"w":0.7444907426834106},"size":2.857893466949463,"orthographic":false}