{"cameraMode":{"drawMode":0,"name":"Shaded","section":"Shading Mode"},"sceneLighting":false,"audioPlay":false,"sceneViewState":{"showFog":true,"showMaterialUpdate":true,"showSkybox":true,"showFlares":true,"showImageEffects":true,"showParticleSystems":true},"in2DMode":false,"pivot":{"x":12.423479080200196,"y":2.8307602405548097,"z":3.489109754562378},"rotation":{"x":0.5740951299667358,"y":-0.001689150813035667,"z":0.0009784054709598423,"w":0.8192780017852783},"size":46.445762634277347,"orthographic":false}