{"cameraMode":{"drawMode":0,"name":"Shaded","section":"Shading Mode"},"sceneLighting":false,"audioPlay":false,"sceneViewState":{"showFog":true,"showMaterialUpdate":true,"showSkybox":true,"showFlares":true,"showImageEffects":true,"showParticleSystems":true},"in2DMode":false,"pivot":{"x":-0.8379008769989014,"y":9.738370895385743,"z":8.674317359924317},"rotation":{"x":0.7308309078216553,"y":-0.0049986992962658409,"z":0.004684449173510075,"w":0.6829922795295715},"size":10.388845443725586,"orthographic":false}