{"cameraMode":{"drawMode":0,"name":"Shaded","section":"Shading Mode"},"sceneLighting":false,"audioPlay":false,"sceneViewState":{"showFog":true,"showMaterialUpdate":true,"showSkybox":true,"showFlares":true,"showImageEffects":true,"showParticleSystems":true},"in2DMode":false,"pivot":{"x":3.5999999046325685,"y":-2.3261399269104006,"z":1.4299999475479127},"rotation":{"x":0.7068504691123962,"y":0.0012004498858004809,"z":-0.0018652296857908369,"w":0.7078125476837158},"size":11.223662376403809,"orthographic":false}