{"cameraMode":{"drawMode":0,"name":"Shaded","section":"Shading Mode"},"sceneLighting":false,"audioPlay":false,"sceneViewState":{"showFog":true,"showMaterialUpdate":true,"showSkybox":true,"showFlares":true,"showImageEffects":true,"showParticleSystems":true},"in2DMode":false,"pivot":{"x":-1.9118436574935914,"y":4.910557270050049,"z":8.87319564819336},"rotation":{"x":0.5809508562088013,"y":0.00883906614035368,"z":-0.006843763869255781,"w":0.8142541646957398},"size":19.346296310424806,"orthographic":false}