{"cameraMode":{"drawMode":0,"name":"Shaded","section":"Shading Mode"},"sceneLighting":false,"audioPlay":false,"sceneViewState":{"showFog":true,"showMaterialUpdate":true,"showSkybox":true,"showFlares":true,"showImageEffects":true,"showParticleSystems":true},"in2DMode":false,"pivot":{"x":1.7299113273620606,"y":-0.5464213490486145,"z":-5.897942543029785},"rotation":{"x":-0.5583654642105103,"y":-0.03204735368490219,"z":0.022312046959996225,"w":-0.8290930390357971},"size":17.852920532226564,"orthographic":false}