{"cameraMode":{"drawMode":0,"name":"Shaded","section":"Shading Mode"},"sceneLighting":false,"audioPlay":false,"sceneViewState":{"showFog":true,"showMaterialUpdate":true,"showSkybox":true,"showFlares":true,"showImageEffects":true,"showParticleSystems":true},"in2DMode":false,"pivot":{"x":-9.199999809265137,"y":1.6800000667572022,"z":1.409999966621399},"rotation":{"x":0.416283518075943,"y":0.0867619514465332,"z":-0.03924328461289406,"w":0.9046286344528198},"size":3.060303211212158,"orthographic":false}