{"cameraMode":{"drawMode":0,"name":"Shaded","section":"Shading Mode"},"sceneLighting":true,"audioPlay":false,"sceneViewState":{"showFog":true,"showMaterialUpdate":true,"showSkybox":true,"showFlares":true,"showImageEffects":true,"showParticleSystems":true},"in2DMode":false,"pivot":{"x":-57.42658996582031,"y":-3043.6123046875,"z":1571.251220703125},"rotation":{"x":0.5196077823638916,"y":-0.017864039167761804,"z":0.011959501542150975,"w":0.8547759056091309},"size":3467.625,"orthographic":false}