{"cameraMode":{"drawMode":0,"name":"Shaded","section":"Shading Mode"},"sceneLighting":true,"audioPlay":false,"sceneViewState":{"showFog":true,"showMaterialUpdate":true,"showSkybox":true,"showFlares":true,"showImageEffects":true,"showParticleSystems":true},"in2DMode":false,"pivot":{"x":18.50978660583496,"y":-8.851973533630371,"z":-14.077666282653809},"rotation":{"x":-0.6677541732788086,"y":-0.0015337454387918115,"z":0.0011375844478607178,"w":-0.745082676410675},"size":30.842634201049806,"orthographic":false}