{"cameraMode":{"drawMode":0,"name":"Shaded","section":"Shading Mode"},"sceneLighting":false,"audioPlay":false,"sceneViewState":{"showFog":true,"showMaterialUpdate":true,"showSkybox":true,"showFlares":true,"showImageEffects":true,"showParticleSystems":true},"in2DMode":false,"pivot":{"x":-5.452103137969971,"y":2.7697372436523439,"z":-3.9422109127044679},"rotation":{"x":-0.4291171133518219,"y":0.05565503239631653,"z":-0.0259397029876709,"w":-0.9015421867370606},"size":11.408370971679688,"orthographic":false}