{"cameraMode":{"drawMode":0,"name":"Shaded","section":"Shading Mode"},"sceneLighting":false,"audioPlay":false,"sceneViewState":{"showFog":true,"showMaterialUpdate":true,"showSkybox":true,"showFlares":true,"showImageEffects":true,"showParticleSystems":true},"in2DMode":false,"pivot":{"x":-9.48389720916748,"y":-41.482177734375,"z":-1.9336212873458863},"rotation":{"x":-0.4540829360485077,"y":0.5242629051208496,"z":-0.3927914500236511,"w":-0.6044934391975403},"size":61.87814712524414,"orthographic":false}