{"cameraMode":{"drawMode":0,"name":"Shaded","section":"Shading Mode"},"sceneLighting":false,"audioPlay":false,"sceneViewState":{"showFog":true,"showMaterialUpdate":true,"showSkybox":true,"showFlares":true,"showImageEffects":true,"showParticleSystems":true},"in2DMode":false,"pivot":{"x":-0.12999999523162843,"y":-1.7799999713897706,"z":-9.529999732971192},"rotation":{"x":-0.4540829360485077,"y":0.5242629051208496,"z":-0.3927914500236511,"w":-0.6044934391975403},"size":22.0,"orthographic":false}