{"cameraMode":{"drawMode":0,"name":"Shaded","section":"Shading Mode"},"sceneLighting":false,"audioPlay":false,"sceneViewState":{"showFog":true,"showMaterialUpdate":true,"showSkybox":true,"showFlares":true,"showImageEffects":true,"showParticleSystems":true},"in2DMode":false,"pivot":{"x":-40.964622497558597,"y":-27.861970901489259,"z":2.9648501873016359},"rotation":{"x":-0.182376429438591,"y":0.7151892781257629,"z":-0.20096009969711305,"w":-0.6446664929389954},"size":49.65418243408203,"orthographic":false}