{"cameraMode":{"drawMode":0,"name":"Shaded","section":"Shading Mode"},"sceneLighting":false,"audioPlay":false,"sceneViewState":{"showFog":true,"showMaterialUpdate":true,"showSkybox":true,"showFlares":true,"showImageEffects":true,"showParticleSystems":true},"in2DMode":false,"pivot":{"x":1.1212787628173829,"y":0.8474172353744507,"z":1.9753432273864747},"rotation":{"x":-0.5995999574661255,"y":0.0020757783204317095,"z":-0.0014598419656977058,"w":-0.8007729649543762},"size":69.73690032958985,"orthographic":false}