{"cameraMode":{"drawMode":0,"name":"Shaded","section":"Shading Mode"},"sceneLighting":false,"audioPlay":false,"sceneViewState":{"showFog":true,"showMaterialUpdate":true,"showSkybox":true,"showFlares":true,"showImageEffects":true,"showParticleSystems":true},"in2DMode":false,"pivot":{"x":-0.041754722595214847,"y":-2.3640189170837404,"z":-1.632422924041748},"rotation":{"x":-0.5583654642105103,"y":-0.03204735368490219,"z":0.022312046959996225,"w":-0.8290930390357971},"size":46.950313568115237,"orthographic":false}