{"cameraMode":{"drawMode":0,"name":"Shaded","section":"Shading Mode"},"sceneLighting":false,"audioPlay":false,"sceneViewState":{"showFog":true,"showMaterialUpdate":false,"showSkybox":false,"showFlares":true,"showImageEffects":true,"showParticleSystems":true},"in2DMode":false,"pivot":{"x":0.46394801139831545,"y":-2.9363021850585939,"z":-0.8582565784454346},"rotation":{"x":-0.1882549226284027,"y":0.7580757737159729,"z":-0.5724864602088928,"w":-0.24928435683250428},"size":12.746133804321289,"orthographic":false}