{"cameraMode":{"drawMode":0,"name":"Shaded","section":"Shading Mode"},"sceneLighting":false,"audioPlay":false,"sceneViewState":{"showFog":true,"showMaterialUpdate":false,"showSkybox":false,"showFlares":true,"showImageEffects":true,"showParticleSystems":true},"in2DMode":false,"pivot":{"x":-0.041754722595214847,"y":-2.6133456230163576,"z":-1.632422924041748},"rotation":{"x":-0.1882549226284027,"y":0.7580757737159729,"z":-0.5724864602088928,"w":-0.24928435683250428},"size":13.512367248535157,"orthographic":false}