{"cameraMode":{"drawMode":0,"name":"Shaded","section":"Shading Mode"},"sceneLighting":false,"audioPlay":false,"sceneViewState":{"showFog":true,"showMaterialUpdate":false,"showSkybox":false,"showFlares":true,"showImageEffects":true,"showParticleSystems":true},"in2DMode":false,"pivot":{"x":-2.6770517826080324,"y":-1.8538669347763062,"z":-1.8651520013809205},"rotation":{"x":-0.44872212409973147,"y":0.49849236011505129,"z":-0.33907392621040347,"w":-0.659700334072113},"size":12.72249984741211,"orthographic":false}