{"cameraMode":{"drawMode":0,"name":"Shaded","section":"Shading Mode"},"sceneLighting":false,"audioPlay":false,"sceneViewState":{"showFog":true,"showMaterialUpdate":false,"showSkybox":false,"showFlares":true,"showImageEffects":true,"showParticleSystems":true},"in2DMode":false,"pivot":{"x":4.461908340454102,"y":-1.5065488815307618,"z":-0.17110252380371095},"rotation":{"x":0.06356388330459595,"y":0.8969420194625855,"z":-0.13722078502178193,"w":0.4154900312423706},"size":12.28189468383789,"orthographic":false}