{"cameraMode":{"drawMode":0,"name":"Shaded","section":"Shading Mode"},"sceneLighting":false,"audioPlay":false,"sceneViewState":{"showFog":true,"showMaterialUpdate":false,"showSkybox":false,"showFlares":true,"showImageEffects":true,"showParticleSystems":true},"in2DMode":false,"pivot":{"x":1.047837734222412,"y":-3.7951853275299074,"z":-0.39066287875175478},"rotation":{"x":-0.16088230907917024,"y":0.8011049032211304,"z":-0.5206441879272461,"w":-0.24754701554775239},"size":14.204119682312012,"orthographic":false}